,name,nameKana
458,ネロ,ねろ
936,坊ちゃん,ぼっちゃん
937,アリス,ありす
938,ロブ,ろぶ
939,ヴィオラ,ゔぃおら
940,カフ,かふ
941,ザイン,ざいん
942,ウォルター,うぉるたー
1328,レム,れむ
1492,喜多川海夢,きたがわまりん
1493,五条新菜,ごじょうわかな
1494,乾紗寿叶,いぬいさじゅな
1495,乾心寿,いぬいしんじゅ
1496,五条薫,ごじょうかおる
2774,春音あいら,はるねあいら
2775,高峰みおん,たかみねみおん
2776,城之内セレナ,じょうのうちせれな
2777,藤堂かのん,とうどうかのん
2780,ペンギン先生,ぺんぎんせんせい
2785,山田山夫,やまだやまお
2790,赤井めが姉ぇ,あかいめがねぇ
2794,天宮りずむ,あまみやりずむ
2799,ケイ,けい
2800,久里須かなめ,くりすかなめ
2802,ヒビキ,ひびき
2803,ナレーション,なれーしょん
3157,モモ＜綾瀬桃＞,あやせもも
3158,オカルン＜高倉健＞,たかくらけん
3159,ターボババア,たーぼばばあ
3160,セルポ星人,せるぽせいじん
3164,フラットウッズモンスター,ふらっとうっずもんすたー
3165,アクロバティックさらさら,あくろばてぃっくさらさら
3166,ドーバーデーモン,どーばーでーもん
3167,太郎,たろう
3168,花,はな
3169,鬼頭ナキ,きとうなき
3721,カンナ,かんな
3883,砂狼シロコ,すなおおかみしろこ
3884,小鳥遊ホシノ,たかなしほしの
3885,黒見セリカ,くろみせりか
3886,十六夜ノノミ,いざよいののみ
3887,奥空アヤネ,おくそらあやね
3888,陸八魔アル,りくはちまある
3889,鬼方カヨコ,おにかたかよこ
3890,伊草ハルカ,いぐさはるか
3891,浅黄ムツキ,あさぎむつき
3892,空崎ヒナ,そらさきひな
3893,天雨アコ,あまうあこ
3894,銀鏡イオリ,しろみいおり
3895,火宮チナツ,ひのみやちなつ
3896,阿慈谷ヒフミ,あじたにひふみ
4020,イレイザーヘッド,いれいざーへっど
4043,リカバリーガール,りかばりーがーる
4538,院田唐音,いんだからね
4539,花園羽香里,はなぞのはかり
4540,愛城恋太郎,あいじょうれんたろう
4541,好本静,よしもとしずか
4542,栄逢凪乃,えいあいなの
4543,神様,かみさま
4544,薬膳楠莉,やくぜんくすり
4545,花園羽々里,はなぞのははり
4917,蟇郡苛,がまごおりいら
5039,ナオミ,なおみ
5135,荻原沙優,おぎわらさゆ
5136,後藤愛衣梨,ごとうあいり
5137,橋本,はしもと
5138,吉田,よしだ
5139,三島柚葉,みしまゆずは
5140,結城あさみ,ゆうきあさみ
5365,貫井はゆ,ぬくいはゆ
5366,前原仁菜,まえはらにな
5367,梶野穂歩,かじのほほ
5368,関野チコ,せきのちこ
5369,桜衣乃,さくらいの
5370,緑へも,みどりへも
5371,中町ぬあ,なかまちぬあ
5372,中町るあ,なかまちるあ
5373,東リリ,ひがしりり
5374,本町利音,ほんまちとね
5375,小金乙,こがねおと
5376,関野ロコ,せきのろこ
5391,ユナ,ゆな
5392,フィナ,ふぃな
5393,シュリ,しゅり
5892,ルパン三世,るぱんさんせい
5893,石川五ェ門,いしかわごえもん
5894,峰不二子,みねふじこ
5895,銭形警部,ぜにがたけいぶ
5906,次元大介,じげんだいすけ
6185,夢原のぞみ／キュアドリーム,ゆめはらのぞみ
6186,夏木りん／キュアルージュ,なつきりん
6187,春日野うらら／キュアレモネード,かすがのうらら
6188,秋元こまち／キュアミント,あきもとこまち
6189,水無月かれん／キュアアクア,みなづきかれん
6201,ミルク,みるく
6202,坂本,さかもと
6375,上ノ山弥生,うえのやまやよい
6499,半蔵門雪,はんぞうもんゆき
6500,相模楓,さがみふう
6501,八千代命,やちよめい
6502,青葉初芽,あおばはつめ
6503,カトリーナ,かとりーな
6504,文鳥の女,ぶんちょうのおんな
6505,テレジア,てれじあ
6506,白虎,びゃっこ
6507,ドルテ,どるて
6508,石川五恵,いしかわごえ
6509,源モモ,みなもともも
6869,海老名菜々,えびななな
7064,ラケル,らける
7065,アイちゃん,あいちゃん
7066,セバスチャン,せばすちゃん
7067,レジーナ,れじーな
7071,シャルル,しゃるる
7072,ベール,べーる
7078,ミルク／美々野くるみ／ミルキィローズ,みみのくるみ
7100,フローラ,ふろーら
7461,クトリ・ノタ・セニオリス,くとりのたせにおりす
8223,ロビンマスク,ろびんますく
8224,ラーメンマン,らーめんまん
8236,ジェロニモ,じぇろにも
8241,ビビンバ,びびんば
8246,バッファローマン,ばっふぁろーまん
8247,サンシャイン,さんしゃいん
8248,テリーマン,てりーまん
8252,委員長,いいんちょう
8253,トマス,とます
8726,トキ／程小時,ちょんしゃおしー
8727,ヒカル／陸光,るーぐあん
8728,リン／喬苓,ちゃおりん
8785,不死川玄弥,しなずがわげんや
8793,鋼鐡塚蛍,はがねづかほたる
8800,珠世,たまよ
8801,愈史郎,ゆしろう
8802,響凱,きょうがい
8803,累,るい
8804,胡蝶しのぶ,こちょうしのぶ
8805,後藤,ごとう
8807,宇髄天元,うずいてんげん
8808,時透無一郎,ときとうむいちろう
8809,甘露寺蜜璃,かんろじみつり
8810,伊黒小芭内,いぐろおばない
8811,不死川実弥,しなずがわさねや
8812,悲鳴嶼行冥,ひめじまぎょうめい
8813,神崎アオイ,かんざきあおい
8814,鬼舞辻無惨,きぶつじむざん
8815,魘夢,えんむ
8816,栗花落カナヲ,つゆりかなを
9292,メイザ,めいざ
9293,花籠咲,はなかごさき
9294,ルベル,るべる
9295,六階堂七斗,むかいどうななと
9296,バレ,ばれ
9297,底谷一,そこたにはじめ
9298,バルタ,ばるた
9300,南河水清,みなみかわみずきよ
9301,生流奏,うりゅうかなで
9312,ナッセ,なっせ
9313,架橋明日,かけはしみらい
9317,東山コベニ,ひがしやまこべに
9322,天使の悪魔,てんしのあくま
9324,暴力の魔人,ぼうりょくのまじん
9830,杜乃こりす/ネロアリス,もりのこりす/ねろありす
9832,天川薫子/マジアサルファ,てんかわかおるこ/まじあさるふぁ
9833,花菱はるか/マジアマゼンタ,はなびしはるか/まじあまぜんた
9834,水神小夜/マジアアズール,みなかみさよ/まじああずーる
9835,阿古屋真珠/ロコムジカ,あこやまたま/ろこむじか
9836,姉母ネモ/ルベルブルーメ,あねもねも/るべるぶるーめ
9840,柊うてな/マジアベーゼ,ひいらぎうてな/まじあべーぜ
9841,阿良河キウィ/レオパルト,あらがきうぃ/れおぱると
9935,カズマ,かずま
9957,斉藤恵那,さいとうえな
9958,犬山あおい,いぬやまあおい
9959,各務原なでしこ,かがみはらなでしこ
9960,各務原桜,かがみはらさくら
9962,志摩リン,しまりん
9963,大垣千明,おおがきちあき
9980,風色琴音,かざいろことね
10070,堀京子,ほりきょうこ
10536,吉田優子,よしだゆうこ
10565,クマ,くま
10712,北条加蓮,ほうじょうかれん
10713,水本ゆかり,みずもとゆかり
10714,片桐早苗,かたぎりさなえ
10715,渋谷凛,しぶやりん
10717,小日向美穂,こひなたみほ
10718,本田未央,ほんだみお
10719,島村卯月,しまむらうづき
10720,緒方智絵里,おがたちえり
10721,神崎蘭子,かんざきらんこ
10722,城ヶ崎莉嘉,じょうがさきりか
10723,新田美波,にったみなみ
10725,赤城みりあ,あかぎみりあ
10728,十時愛梨,とときあいり
10729,城ヶ崎美嘉,じょうがさきみか
10730,白坂小梅,しらさかこうめ
10731,佐々木千枝,ささきちえ
10732,上条春菜,かみじょうはるな
10733,堀裕子,ほりゆうこ
10734,大和亜季,やまとあき
10738,小早川紗枝,こばやかわさえ
10741,椎名法子,しいなのりこ
10744,千川ちひろ,せんかわちひろ
10747,及川雫,おいかわしずく
10749,神谷奈緒,かみやなお
10750,中野有香,なかのゆか
10752,多田李衣菜,ただりいな
10753,前川みく,まえかわみく
10754,川島瑞樹,かわしまみずき
10756,姫川友紀,ひめかわゆき
11206,春風どれみ,はるかぜどれみ
11207,藤原はづき,ふじわらはづき
11208,妹尾あいこ,せのおあいこ
11209,瀬川おんぷ,せがわおんぷ
11211,春風ぽっぷ,はるかぜぽっぷ
11793,梓川咲太,あずさがわさくた
11797,梓川花楓,あずさがわかえで
11799,桜島麻衣,さくらじままい
11912,友利奈緒,ともりなお
11913,乙坂有宇,おとさか ゆう
11989,桜木カナ,さくらぎかな
11990,越谷仁美,こしがやひとみ
11991,重本浩司,しげもとこうじ
11992,二子山和央,にこやまかずお
11993,翠川,みどりかわ
11994,土刃メイ,つちばめい
11995,古賀圭,こがけい
11996,葵リリー,あおいりりー
11997,麻生美弥子,あそうみやこ
11998,銀次ハナ,ぎんじはな
11999,仁科,にしな
12000,槇野あかね,まきのあかね
12057,奥村正宗,おくむらまさむね
12058,天乃リリサ,あまのりりさ
12059,橘美花莉,たちばなみかり
12060,753♡,なごみ
12063,羽生まゆり,はにゅうまゆり
12066,日枯陽一,ひがらしよういち
12421,小園はなな,こぞのはなな
12422,蘭たん,らんたん
12423,香川いろは,かがわいろは
12424,雪白恵子,ゆきしろけいこ
12425,ガァルル,がぁるる
12426,ファルル,ふぁるる
12427,真中らぁら,まなからぁら
12428,南みれぃ,みなみみれぃ
12429,東堂シオン,とうどうしおん
12430,ドロシー・ウェスト,どろしー・うぇすと
12431,黒須あろま,くろすあろま
12432,白玉みかん,しらたまみかん
12433,緑風ふわり,みどりかぜふわり
12434,紫京院ひびき,しきょういんひびき
12439,大神田グロリア,おおかんだぐろりあ
12440,赤井めが兄ぃ,あかいめがにぃ
12441,ウサギ,うさぎ
12442,北条そふぃ,ほうじょうそふぃ
12443,レオナ・ウェスト,れおな・うぇすと
12452,愛媛なお,えひめなお
12453,御前定子,おまえさだこ
12454,徳田ねね,とくだねね
12455,雨宮春希,あまみやはるき
12456,高橋高志,たかはしたかし
12468,月川珠姫,つきかわたまひめ
12472,安藤玲,あんどうれい
12474,音無美由,おとなしみゆ
12475,プリパキうらないネコ,ぷりぱきうらないねこ
12476,ネコ,ねこ
12477,月川ちり,つきかわちり
12478,太陽ペッパー,たいようぺっぱー
12479,じゅのん,じゅのん
12480,ぴのん,ぴのん
12481,かのん,かのん
12482,鍋島ちゃん子,なべしまちゃんこ
12483,ジュリィ,じゅりぃ
12484,ジャニス,じゃにす
12485,ハム先輩,はむせんぱい
12486,ウサチャ,うさちゃ
12487,アシカ船頭,あしかせんどう
12488,白井ななみ,しろいななみ
12489,鈴原のどか,すずはらのどか
12490,栃乙女愛,とりおとめらぶ
12491,只野新子,ただのしんこ
12493,真中のん,まなかのん
12494,坂上栄子,さかがみえいこ
12495,黄木あじみ,ききあじみ
12496,北条コスモ,ほうじょうこすも
12497,芹沢なぎさ,せりざわなぎさ
12509,宮藤芳佳,みやふじよしか
12637,真壁政宗,まかべまさむね
12638,安達垣愛姫,あだがきあき
12639,小岩井吉乃,こいわいよしの
12640,藤ノ宮寧子,ふじのみやねこ
12641,双葉妙,ふたばたえ
12642,朱里小十郎,しゅりこじゅうろう
12883,久我崎晴嵐,くがさきせいらん
12884,榎本進司,えのもとしんじ
12885,浅宮七瀬,あさみやななせ
13368,成神陽太,なるかみようた
13369,国宝阿修羅,こくほうあしゅら
13370,成神空,なるかみそら
13371,ひな,ひな
13372,伊座並杏子,いざなみきょうこ
13739,岩谷尚文,いわたになおふみ
13771,遠坂凛,とおさかりん
13811,石神千空,いしがみせんくう
13812,大木大樹,おおきたいじゅ
13813,小川杠,おがわゆずりは
13815,金狼,きんろう
13816,銀狼,ぎんろう
13820,西園寺羽京,さいおんじうきょう
13821,花田仁姫（ニッキー）,はなだにき
13823,北東西南,ほくとうざいみなみ
13824,獅子王未来,ししおうみらい
13826,上井陽,うえいよう
13828,七海龍水,ななみりゅうすい
13933,真咲,まさき
13934,譜風,ふう
13935,十景,とかげ
13937,苺子,いちこ
13938,橘花,きっか
13939,乙美,おとみ
13975,ウィル,うぃる
13976,ブラッド,ぶらっど
13977,ガス,がす
13978,メネル,めねる
13979,マリー,まりー
14130,白鬼院凜々蝶,しらきいんりりちよ
14152,島袋薫,しまぶくろかおる
14153,真栄田朱里,まえだあかり
14154,比嘉瑛士,ひがえいじ
14155,星野晃,ほしのあきら
14156,諏訪哲司,すわてつじ
14157,雅藍洞凡人,がらんどうぼんど
14158,海咲野くくる,みさきのくくる
14159,宮沢風花,みやざわ ふうか
14160,照屋月美,てるや つきみ
14161,久高夏凛,くだかかりん
14162,仲村櫂,なかむらかい
14163,屋嘉間志空也,やかましくうや
14165,南風原知夢,はえばるちゆ
14166,米倉マリナ,よねくらまりな
14860,ソフィア,そふぃあ
14861,フィーナ,ふぃーな
14862,スヴェトラーナ,すゔぇとらーな
14863,若きソフィア,わかきそふぃあ
14921,雪ノ下雪乃,ゆきのしたゆきの
15066,大瑠璃あやみ,おおるりあやみ
15088,ミシル,みしる
15094,深山れいな,みやまれいな
15096,上葉みあ,あげはみあ
15097,志々美かりん,しじみかりん
15107,木之下茜,きのしたあかね
15108,山田秋斗,やまだあきと
15109,佐々木瑛太,ささきえいた
15110,佐々木瑠奈,ささきるな
15370,鹿島,かしま
15371,猪森,いのもり
15372,蝶野,ちょうの
15373,古橋零侍,ふるはしれいじ
15374,古橋静流,ふるはししずる
15375,唯我水希,ゆいがみずき
15376,唯我葉月,ゆいがはづき
15377,唯我和樹,ゆいがかずき
15378,唯我花枝,ゆいがはなえ
15381,小林陽真,こばやしはるま
15382,大森奏,おおもりかなで
15383,川瀬あゆ子,かわせあゆこ
15384,海原智波,うみはらちなみ
15385,関城紗和子,せきじょうさわこ
15387,学園長,がくえんちょう
15587,エリカ・ブラウン,えりかぶらうん
15588,アイリス・カナリー,あいりすかなりー
15589,クラウディア・ホッジンズ,くらうてぃあほっじんず
15590,ギルベルト・ブーゲンビリア,ぎるべるとぶーげんびりあ
15591,ベネディクト・ブルー,べねでぃくとぶるー
15592,ヴァイオレット・エヴァーガーデン,ゔぁいおれっとえゔぁーがーでん
15593,カトレア・ボードレール,かとれあぼーどれーる
16434,網代慎平,あじろしんぺい
16435,小舟澪,こふねみお
16436,小舟潮,こふねうしお
16452,白雪,しらゆき
16499,御徒町,おかちまち
16500,取り立て屋,とりたてや
16501,大将,たいしょう
16503,凪,なぎ
16504,愛美,あいみ
16505,末広,すえひろ
16506,ゾーヤ,ぞーや
16590,美咲,みさき
16652,古城智乃,こじょうともの
16653,兎原透子,うさぎはらとうこ
16664,明日小路,あけびこみち
16670,木崎江利花,きざきえりか
16941,口田甲司,こうだこうじ
16942,塩崎茨,しおざきいばら
16943,小大唯,こだいゆい
16947,発目明,はつめめい
17608,桐尾礼司,きりおれいじ
17609,ノエラ,のえら
17610,ミナ,みな
17611,アナベル,あなべる
17612,ガロウ・エジル,がろうえじる
17613,エレイン,えれいん
17670,ヴィーシャ,ゔぃーしゃ
17671,ターニャ・デグレチャフ,たーにゃでぐれちゃふ
17870,佐々木秀鳴,ささきしゅうめい
17871,宮野由美,みやのよしかず
17872,平野大河,ひらのたいが
17873,小笠原次郎,おがさわらじろう
17874,半澤雅人,はんざわまさと
17875,暮沢丞,くれざわたすく
17876,田代権三郎,たしろごんざぶろう
18480,森久保乃々,もりくぼのの
18847,種島ぽぷら,たねしまぽぷら
18848,伊波まひる,いなみまひる
18849,白藤杏子,しらふじきょうこ
18850,佐藤潤,さとうじゅん
18851,相馬博臣,そうまひろおみ
18854,小鳥遊なずな,たかなしなずな
18856,山田葵,やまだあおい
18858,小鳥遊宗太,たかなしそうた
18863,轟八千代,とどろきやちよ
19066,飛鳥ももこ,あすかももこ
19202,的場梨沙,まとばりさ
19203,橘ありす,たちばなありす
19204,櫻井桃華,さくらいももか
19207,市川仁奈,いちかわにな
19208,龍崎薫,りゅうざきかおる
19210,結城晴,ゆうきはる
19211,古賀小春,こがこはる
19234,上田鈴帆,うえだすずほ
19235,脇山珠美,わきやまたまみ
19236,市原仁奈,いちはらにな
19240,鷺沢文香,さぎさわふみか
19249,浜口あやめ,はまぐちあやめ
19251,難波笑美,なんばえみ
19255,木村夏樹,きむらなつき
19258,道明寺歌鈴,どうみょうじかりん
19264,宮本フレデリカ,みやもとふれでりか
19267,速水奏,はやみかなで
19320,加藤恵,かとうめぐみ
19879,岡部倫太郎,おかべりんたろう
19880,牧瀬紅莉栖,まきせくりす
20181,シルヴィア・ゴールドバーグ,しるゔぃあごーるどばーぐ
20182,サンラク／陽務楽郎,さんらく／ひづとめらくろう
20183,サイガ-0／斎賀玲,さいがぜろ／さいがれい
20184,アーサー・ペンシルゴン／天音永遠,あーさーぺんしるごん／あまねとわ
20185,エムル,えむる
20186,ヴァイスアッシュ,ゔぁいすあっしゅ
20187,キョージュ,きょーじゅ
20188,ビィラック,びぃらっく
20189,ピーツ,ぴーつ
20190,エルク,えるく
20191,アラミース,あらみーす
20192,オイカッツォ／魚臣慧,おいかっつぉ／うおみけい
20193,Animalia,あにまりあ
20194,墓守のウェザエモン,はかもりのうぇざえもん
20195,遠き日のセツナ,とおきひのせつな
20196,木兎夜枝境,つくよぎさかい
20197,天地律,あまちりつ
20198,継久理創世,つくりつくよ
20199,秋津茜,あきつあかね
20200,モルド,もるど
20201,アラバ,あらば
20202,サイガ-100,さいがはんどれっど
20203,オルスロット,おるすろっと
20204,シークルゥ,しーくるぅ
20205,ルスト,るすと
20206,スチューデ,すちゅーで
20207,夏目恵,なつめめぐみ
20316,和泉紗霧,いずみさぎり
20651,ヒロ,ひろ
21058,日向まりこ,ひゅうがまりこ
21059,三ツ星にゃんこ,みつぼしにゃんこ
21060,児玉えみる,こだまえみる
21061,辰巳だいすけ,たつみだいすけ
21062,中村みどり,なかむらみどり
21063,青果店主のおじさん,せいかてんしゅのおじさん
21064,水嶌みつよし,みずしまみつよし
21065,ナタ王子,なたおうじ
21066,立花ゆう,たちばなゆう
21067,ルミエル,るみえる
21068,ジャン=ピエール・ジルベルスタイン,じゃんぴえーるじるべすたいん
21069,ゆり,ゆり
21070,かなこ,かなこ
21071,ディアブル,でぃあぶる
21073,宇佐美源一郎,うさみげんいちろう
21074,宇佐美さとみ,うさみさとみ
21075,剣城みく,けんじょうみく
21076,琴爪しの,ことづめしの
21077,剣城トミ,けんじょうとみ
21078,立神雷桜,たてがみらいおう
21079,立神藍子,たてがみあいこ
21080,和泉わたる,いずみわたる
21081,中野ひろき,なかのひろき
21082,神楽坂りさ,かぐらざかりさ
21083,園部けい,そのべけい
21084,横川りゅうた,よこかわりゅうた
21085,浅香さら,あさかさら
21086,岬あやね,みさきあやね
21087,光岡じゅんこ,みつおかじゅんこ
21088,ソレーヌ,それーぬ
21858,佐倉杏子,さくら きょうこ
21861,キュゥべえ,きゅうべえ
21863,美樹さやか,みきさやか
21865,鹿目まどか,かなめ まどか
21867,巴マミ,ともえ まみ
21868,暁美ほむら,あけみほむら
22332,五十嵐響子,いがらしきょうこ
22367,依田芳乃,よりたよしの
22373,三船美優,みふねみゆ
22380,村上巴,むらかみともえ
22381,荒木比奈,あらきひな
22382,関裕美,せきひろみ
22389,早坂美玲,はやさかみれい
22391,乙倉悠貴,おとくらゆうき
22393,喜多見柚,きたみゆず
22396,喜多日菜子,きたひなこ
22397,白菊ほたる,しらぎくほたる
22398,鷹富士茄子,たかふじかこ
22399,南条光,なんじょうひかる
22400,藤原肇,ふじわらはじめ
22401,一ノ瀬志希,いちのせしき
22849,地洗井茂夫,ちあらいしげお
22850,園田大勢,そのたたいせい
22851,忍野裳乃,しのびのもの
22852,古見笑介,こみしょうすけ
22853,只野瞳,ただのひとみ
22854,長名なじみ,おさななじみ
22855,古見秀子,こみしゅうこ
22856,古見将賀,こみまさよし
22857,只野仁人,ただのひとひと
22858,古見硝子,こみしょうこ
22859,上理卑美子,あがりひみこ
22860,山井恋,やまいれん
22862,中々思春,なかなかおもはる
22863,矢田野まける,やだのまける
22864,井中のこ子,いなかのここ
22865,尾根峰ねね,おねみねねね
22866,尾鶏かえで,おとりかえで
22867,鬼ヶ島朱子,おにがしまあかこ
23155,御坂美琴,みさかみこと
23208,源さくら,みなもとさくら
23564,宮内ひかげ,みやうちひかげ
23903,シャロ,しゃろ
23910,ココア,ここあ
23938,新垣あやせ,あらがきあやせ
24418,川合麻依,かわいまい
24419,山田武志,やまだたけし
24420,牧高美和,まきたかみわ
24423,藤聖子,ふじせいこ
24424,源誠二,みなもとせいじ
24456,ルメイル・パイレス,るめいるぱいれす
24457,メナス・レナード,めなすれなーど
24458,ハマンド・プレイド,はまんどぷれいど
24459,クラル・オルスロー,くらるおるすろー
24460,ソフィア・ローベント,そふぃあろーべんと
24461,クライツ・ローベント,くらいつろーべんと
24462,クラン・サレマキア,くらんされまきあ
24463,バサマーク・サレマキア,ぱさまーくされまきあ
24464,トーマス・グランジオン,とーますぐらんじおん
24465,レン・ローベント,れんろーべんと
24779,高田ちゃん,たかだちゃん
24780,三輪霞,みわかすみ
24781,究極メカ丸,あるてぃめっとめかまる
24782,東堂葵,とうどうあおい
24783,禪院真依,ぜんいんまい
24784,加茂憲紀,かものりとし
24785,西宮桃,にしみやもも
24786,夜蛾正道,やがまさみち
24787,伊地知潔高,いじちきよたか
24790,夏油傑,げとうすぐる
24807,佐倉千代,さくらちよ
24864,野島元,のじまはじめ
24865,山本真一郎,やまもとしんいちろう
24866,御手洗優,みたらいゆう
24867,藤原健太,ふじわらけんた
24868,工藤会長,くどうかいちょう
24869,古手川登志夫,こてがわとしお
24870,水樹カヤ,みずきかや
24886,山郷あゆみ,やまごうあゆみ
24903,秋山優花里,あきやまゆかり
25166,影森みちる,かげもりみちる
25178,エリン,えりん
25179,イアル,いある
25180,ジェシ,じぇし
25181,ソヨン,そよん
25182,トーサナ・ジョウン,とーさなじょうん
25183,コルマ・エサル,こるまえさる
25184,ユーヤン,ゆーやん
25185,トムラ,とむら
25186,セィミヤ,せぃみや
25187,ハルミヤ,はるみや
25188,ダミヤ,だみや
25189,シュナン,しゅなん
25190,大公,たいこう
25191,ヌガン,ぬがん
25192,カイル,かいる
25193,カリサ,かりさ
25194,ナソン,なそん
25195,ヌック,ぬっく
25196,モック,もっく
25197,キリク,きりく
25198,ワダン,わだん
25199,ハガル,はがる
25200,シロン,しろん
25571,セリア＝クレール,せりあくれーる
25572,アイシア,あいしあ
25573,ラティーファ,らてぃーふぁ
25574,綾瀬美春,あやせみはる
25576,フローラ＝ベルトラム,ふろーらべるとらむ
25577,リーゼロッテ＝クレティア,りーぜろってくれてぃあ
25579,リオ,りお
25581,オーフィア,おーふぃあ
25582,レイス＝ヴォルフ,れいすゔぉるふ
25586,サラ,さら
25587,アルマ,あるま
25657,黄前久美子,おうまえくみこ
26527,ポール,ぽーる
26714,ゴロー,ごろー
26715,ゼロツー,ぜろつー
26716,フトシ,ふとし
26717,ゾロメ,ぞろめ
26718,ミツル,みつる
26719,イクノ,いくの
26720,ミク,みく
26721,ココロ,こころ
26722,ハチ,はち
26723,フランクス博士,ふらんくすはかせ
26724,ナナ,なな
26726,イチゴ,いちご
26981,フリーズ,ふりーず
26996,ウイルス,ういるす
27210,森ノゾミ,もりのぞみ
27553,五十嵐双葉,いがらしふたば
27554,武田晴海,たけだはるみ
27555,風間蒼太,かざまそうた
27556,黒部夏美,くろべなつみ
27557,桜井優人,さくらいゆうと
27558,桜井桃子,さくらいとうこ
27559,月城モナ,つきしろもな
27898,九頭竜八一,くずりゅうやいち
27899,夜叉神天衣,やしゃじんあい
27900,空銀子,そらぎんこ
27901,清滝桂香,きよたきけいか
27902,水越澪,みずこしみお
27903,貞任綾乃,さだとうあやの
27905,雛鶴隆,ひなつるたかし
27906,雛鶴亜希奈,ひなつるあきな
27907,清滝鋼介,きよたきこうすけ
27909,神鍋歩夢,かんなべあゆむ
27910,シャルロット・イゾアール,しゃるろっといぞあーる
27911,雛鶴あい,ひなつるあい
27914,アイラ（御園愛良）,みそのあいら
27916,セイ（小鳥遊聖）,たかなしせい
28186,白銀武,しろがねたける
28187,鑑純夏,かがみすみか
28188,御剣冥夜,みつるぎめいや
28189,榊千鶴,さかきちづる
28190,彩峰慧,あやみねけい
28191,珠瀬壬姫,たませみき
28192,鎧衣美琴,よろいみこと
28193,香月夕呼,こうづきゆうこ
28194,パウル・ラダビノッド,ぱうるらだびのっど
28195,神宮司まりも,じんぐうじまりも
28196,駒木咲代子,こまきさよこ
28197,伊隅みちる,いすみみちる
28198,風間祷子,かざまとうこ
28200,月詠真那,つくよみまな
28201,神代巽,かみよたつみ
28202,宗像美冴,むなかたみさえ
28205,社霞,やしろかすみ
28774,セリー,せりー
28775,ミリア,みりあ
28776,ベスタ,べすた
28777,ルティナ,るてぃな
29024,ヨクバール,よくばーる
29025,朝日奈今日子,あさひなきょうこ
29026,結希かの子,ゆうきかのこ
29027,朝日奈大吉,あさひなだいきち
29028,高木先生,たかぎせんせい
29029,教頭,きょうとう
29030,グスタフ,ぐすたふ
29031,フック,ふっく
29032,ロレッタ,ろれった
29033,ドロシー,どろしー
29034,ナンシー,なんしー
29035,シシー,ししー
29036,リアン,りあん
29037,リリア,りりあ
29038,キャシー（魔法の水晶）,まほうのすいしょう
29039,フランソワ,ふわんそわ
29040,アイザック,あいざっく
29041,リズ,りず
29042,トッド,とっど
29447,越前リョーマ,えちぜんりょーま
29969,直哉,なおや
29970,明日葉,あすは
31035,ローズ,ろーず
31039,ロイ,ろい
31555,銭進,ちぇんじん
31592,市長,しちょう
31687,夕陽,ゆうひ
31689,冬真,とうま
31865,有坂秋桜里,ありさかしおり
32396,エルザ,えるざ
32399,ヴァネッサ,ゔぁねっさ
32723,ジャヒー様,じゃひーさま
32724,店長,てんちょう
32725,大家,おおや
32726,ドゥルジ,どぅるじ
32727,サルワ,さるわ
32728,魔法少女,まほうしょうじょ
32730,こころ,こころ
32954,ヒルダ,ひるだ
33241,トキ,とき
33244,画眉丸,がびまる
33245,山田浅ェ門佐切,やまだあさえもんさぎり
33246,亜左弔兵衛,あざちょうべい
33247,山田浅ェ門桐馬,やまだあさえもんとうま
33248,杠,ゆずりは
33249,山田浅ェ門典坐,やまだあさえもんてんざ
33250,民谷巌鉄斎,たみやがんてっさい
33251,山田浅ェ門付知,やまだあさえもんふち
33252,山田浅ェ門仙汰,やまだあさえもんせんた
33256,山田浅ェ門士遠,やまだあさえもんしおん
33616,赤城りん,あかぎりん
33617,蒼葉夕紀,あおばゆき
33618,黒木ミサ,くろきみさ
33619,久導細道,くどうほそみち
33620,東雲アカツキ,しののめあかつき
33621,佐斯神ムサシ,さしがみむさし
33622,神水流ヤクモ,かみずるやくも
33623,バルザック山田,ばるざっくやまだ
33624,神楽坂ミミ,かぐらざかみみ
33625,宗方安寿,むなかたあんじゅ
33626,メガネ,めがね
33627,キャップ,きゃっぷ
33628,ポチャ,ぽちゃ
33629,鵜飼,うかい
33630,真神ハヤテ,まがみはやて
33699,ジョージ・クライ,じょーじくらい
33700,ドクター・トラウム,どくたーとらうむ
33701,リストル,りすとる
33702,ジェロス,じぇろす
33703,ジンジン,じんじん
33704,タクミ,たくみ
33705,ビシン,びしん
33706,ダイガン,だいがん
33707,パップル,ぱっぷる
33708,チャラリート,ちゃらりーと
33709,野乃森太郎,ののもりたろう
33710,野乃すみれ,ののすみれ
33711,野乃ことり,ののことり
33712,十倉じゅんな,とくらじゅんな
33713,百井あき,ももいあき
33714,一条蘭世,いちじょうらんぜ
33715,若宮アンリ,わかみやあんり
33716,吉見リタ,よしみりた
33717,愛崎俳呑,あいざきはいどん
33718,愛崎都,あいざきみやこ
33719,愛崎正人,あいざきまさと
34313,夜守コウ,やもりこう
34314,七草ナズナ,ななくさなずな
34315,朝井アキラ,あさいあきら
34316,桔梗セリ,ききょうせり
34317,本田カブラ,ほんだかぶら
34318,小繁縷ミドリ,こはこべみどり
34319,蘿蔔ハツカ,すずしろはつか
34320,平田ニコ,ひらたにこ
34321,夕真昼,せきまひる
34322,秋山昭人,あきやまあきひと
34611,信,しん
34613,騰,とう
34614,昌文君,しょうぶんくん
34615,壁,へき
34616,肆氏,しし
34617,呂不韋,りょふい
34618,昌平君,しょうへいくん
34619,蒙武,もうぶ
34622,蔡沢,さいたく
34623,澤圭,たくけい
34624,尾平,びへい
34625,麃公,ひょうこう
34626,蒙毅,もうき
34627,李牧,りぼく
34628,公孫龍,こうそんりゅう
34644,羌瘣,きょうかい
34647,河了貂,かりょうてん
34649,嬴政,えいせい
34764,半天狗,はんてんぐ
34765,玉壺,ぎょっこ
34767,小鉄,こてつ
34771,黒死牟,こくしぼう
34775,童磨,どうま
34776,猗窩座,あかざ
35065,ノア,のあ
36298,荒垣玲,あらがきれい
36541,市川京太郎,いちかわきょうたろう
36542,山田杏奈,やまだあんな
36543,関根萌子,せきねもえこ
36544,吉田芹那,よしだせりな
36545,足立翔,あだちしょう
36546,神崎健太,かんざきけんた
36548,原穂乃香,はらほのか
36549,市川香菜,いちかわかな
36550,南条ハルヤ,なんじょうはるや
36551,小林ちひろ,こばやしちひろ
36741,御景ゆずき,みかげゆずき
37480,エリサ別府,えりさべっぷ
37481,音城貴子,おとしろたかこ
37482,冴草さなえ,さえぐささなえ
37483,大空学,おおぞらまなぶ
37484,大空小陽,おおぞらこはる
37485,氷上あずさ,ひかみあずさ
37488,紅林可憐,くればやしかれん
37489,大地一乃,だいちかずの
37490,大地豊,だいちゆたか
37491,白樺静生,しらかばしずお
37492,白樺玲子,しらかばれいこ
37493,井津藻見輝,いつもみてる
37494,徳井十九,とくいとおく
37495,柊リサ,ひいらぎりさ
37496,柊エレナ,ひいらぎえれな
37497,KAYOKO,かよこ
37498,夢小路魔夜,ゆめこうじまや
37500,エンシエロ篤,えんしえろあつし
37501,如月ルーシー,きさらぎるーしー
37502,大地穣,だいちみのる
37503,瀬名翼,せなつばさ
37504,Mr.エス,みすたーえす
37505,カミーノ・セリオ,かみーのせりお
37506,神代レイ,かみしろれい
37507,北大路さくら,きたおおじさくら
37508,氷上スミレ,ひかみすみれ
37509,大地のの,だいちのの
37510,白樺リサ,しらかばりさ
37511,紅林珠璃,くればやしじゅり
37512,黒沢凛,くろさわりん
37513,天羽まどか,あまはねまどか
37514,栗栖ここね,くりすここね
37515,夏樹みくる,なつきみくる
37516,三ノ輪ヒカリ,みのわひかり
37517,服部ユウ,はっとりゆう
37518,堂島ニーナ,どうじまにーな
37519,光石織姫,みついしおりひめ
37520,ジョニー別府,じょにーべっぷ
37521,月影ほのか,つきかげほのか
37522,橘杏奈,たちばなあんな
37523,涼川直人,すずかわなおと
37524,四ツ葉春,よつばしゅん
37525,音城颯太,おとしろそうた
37526,藤原みやび,ふじわらみやび
37527,霧矢あおい,きりやあおい
37528,紫吹蘭,しぶきらん
37529,神崎美月,かんざきみつき
37530,新条ひなき,しんじょうひなき
37531,天羽あすか,あまはねあすか
37532,西園寺つばき,さいおんじつばき
37533,音城セイラ,おとしろせいら
37534,星宮太一,ほしみやたいち
37535,姫里マリア,ひめさとまりあ
37536,星宮りんご,ほしみやりんご
37537,風沢そら,かぜさわそら
37538,波照間みなみ,はてるまみなみ
37539,大空あかり,おおぞらあかり
37540,虹ヶ原マコト,にじがはらまこと
37541,星宮らいち,ほしみやらいち
37542,冴草きい,さえぐさきい
37543,花輪やよい,はなわやよい
37544,アラン,あらん
37545,マキナ,まきな
37546,星宮いちご,ほしみやいちご
37547,有栖川おとめ,ありすがわおとめ
37548,藤堂ユリカ,とうどうゆりか
37549,一ノ瀬かえで,いちのせかえで
37550,神谷しおん,かみやしおん
37551,音城ノエル,おとしろのえる
37553,夢咲ティアラ,ゆめさきてぃあら
37604,岡栄太郎,おかえいたろう
37605,網浜秀吾,あみはましゅうご
37606,江尻武一,えじりたけかず
37607,猪俣ババヤロ豊,いのまたばばやろゆたか
37608,牛窓善晴,うしまどよしはる
37609,川窪ちぬ,かわくぼちぬ
37610,百崎陸,ももさきりく
37611,垣花慶太,かきはなけいた
37612,渡久地光輝,とぐちこうき
37613,富山健,とやまたけし
37614,福井晃久,ふくいあきひさ
37615,石川則道,いしかわのりみち
37616,備前昭充,びぜんあきみつ
37617,清水みなと,きよみずみなと
37618,城島譲,じょうじまじょう
37667,深澄真,みすみまこと
37668,ベレン,べれん
37669,リノン,りのん
37670,月読命,つくよみのみこと
37671,ラニーナ,らにーな
37672,パトリック=レンブラント,ぱとりっくれんぶらんと
37673,モリス,もりす
37674,ライム=ラテ,らいむらて
37675,アクア,あくあ
37676,トア,とあ
37677,エマ,えま
37678,巴,ともえ
37679,澪,みお
37680,ルイザ,るいざ
37681,ハザル,はざる
37682,エリス,えりす
37683,女神,めがみ
38220,ショウ,しょう
38864,宇佐美さくら,うさみさくら
40020,氷無小雪,ひなしこゆき
40058,織崎紗耶,おりさきさや
40059,琴川昌,ことかわあきら
40199,木ノ幡みら,このはたみら
40200,真中あお,まなかあお
40202,七海悠,ななみゆう
40203,桜井千景,さくらいちかげ
40204,遠藤幸,えんどうゆき
40205,猪瀬舞,いのせまい
40207,桜井美景,さくらいみかげ
40208,鈴矢萌,すずやもえ
40506,安堂カンナ,あんどうかんな
40510,半沢ユリネ,はんざわゆりね
40662,魔王,まおう
40663,陽鬼,ようき
40664,陰鬼,いんき
40665,クロル,くろる
40666,ジャイアント,じゃいあんと
40667,マオマオちゃん,まおまおちゃん
40668,ルルン,るるん
40669,ギルガ,ぎるが
40670,バニラ・ベシュッツ,ばにら・べしゅっつ
40671,カナッジ,かなっじ
40672,ジモチ,じもち
40673,ルーシュ・ブリタン,るーしゅぶりたん
40754,青天国春,なばためはる
40755,玉城杏夏,たまききょうか
40756,聖舞理王,せいぶりお
40757,祇園寺雪音,ぎおんじゆきね
40758,伊藤紅葉,いとうもみじ
40804,海凪ひより,みなぎひより
40805,海凪小春,みなぎこはる
40806,吉永恋,よしながこい
41099,土岐綾乃,ときあやの
41212,清峰葉流火,きよみねはるか
41213,要圭,かなめけい
41214,藤堂葵,とうどうあおい
41215,千早瞬平,ちはやしゅんぺい
41216,山田太郎,やまだたろう
41217,土屋和季,つちやかずき
41218,国都英一郎,こくとえいいちろう
41219,巻田広伸,まきたひろのぶ
41220,桐島秋斗,きりしましゅうと
41272,森美咲,もりみさき
41658,稲崎露敏,いなざきろびん
41665,猿渡,さわたり
41712,コロン,ころん
42030,有馬かな,ありまかな
42031,星野アイ,ほしのあい
42032,天童寺さりな,てんどうじさりな
42037,寿みなみ,ことぶきみなみ
42038,雨宮吾郎,あめみやごろう
42039,斉藤ミヤコ,さいとうミヤコ
42040,五反田泰志,ごたんだたいし
42041,不知火フリル,しらぬいフリル
42282,キングヘイロー,きんぐへいろー
42315,駿川たづな,はやかわたづな
42343,山鹿栞,やまがしおり
42344,八木野土香,やぎのどか
42345,美山鈴音,みやますずね
42346,濱栗広海,はまぐりひろみ
42347,今鵜凪咲,いまうなぎさ
42348,小泉詩,こいずみうた
42349,当麻まこ,とうままこ
42350,来栖セイラ,くるすせいら
42351,スミパンダ,すみぱんだ
42352,天沢灯,あまさわあかり
42353,淀川逢生,よどがわあお
42354,花野井玲那,はなのいれな
42646,ケルベロス,けるべろす
42706,小鳥遊ひかり,たかなしひかり
43204,ホルザランド,ほるざらんど
43209,アシェラッド・ウォラフソン,あしぇらっど・うぉらふそん
43506,六田守,ろくたまもる
43507,上原メイ子,うえはらめいこ
43508,下田かおり,しもだかおり
43511,山田冬夜,やまだとうや
43522,秋里コノハ,あきさとこのは
43851,麻倉葉,あさくらよう
43852,阿弥陀丸,あみだまる
43853,恐山アンナ／麻倉アンナ,きょうやまあんな／あさくらあんな
43857,梅宮竜之介,うめみやりゅうのすけ
43858,蜥蜴郎,とかげろう
43864,玉村たまお,たまむらたまお
43927,美墨なぎさ／キュアブラック,みすみなぎさ
43942,クイーン,くいーん
43943,長老,ちょうろう
43955,メグミ,めぐみ
43956,校長先生,こうちょうせんせい
43958,雪城ほのか／キュアホワイト,ゆきしろほのか
44069,高木さん,たかぎさん
44070,西片,にしかた
44080,サナエ,さなえ
44254,曲早矢,まがりはや
44451,星,ほし
44452,シスター,しすたー
44454,市ノ宮行,いちのみやこう
44464,ニノ,にの
44465,村長,そんちょう
44466,マリア,まりあ
44468,ラストサムライ,らすとさむらい
44518,高橋潤,たかはしじゅん
44519,大澤悠,おおさわゆう
44520,大澤修,おおさわしゅう
44521,中村美沙,なかむらみさ
44522,小泉さん,こいずみさん
44779,ノットレイ,のっとれい
44781,空見遼太郎,そらみりょうたろう
44782,P.P.アブラハム,ぴーぴーあぶらはむ
44783,ガルオウガ,がるおうが
44784,星奈陽一,ほしなよういち
44785,追川夢男,おいかわゆめお
44786,カルロス,かるろす
44787,天宮かえで,あまみやかえで
44788,天宮とうま,あまみやとうま
44789,天宮れいな,あまみやれいな
44790,天宮たくと,あまみやたくと
44791,天宮いくと,あまみやいくと
44792,天宮あんな,あまみやあんな
44793,軽部タツノリ,かるべたつのり
44794,香久矢冬貴,かぐやふゆき
44795,香久矢満佳,かぐやみちか
44796,姫ノ城桜子,ひめのじょうさくらこ
44797,星奈輝美,ほしなてるみ
44798,星奈春吉,ほしなはるきち
44799,星奈陽子,ほしなようこ
44800,ハッケニャーン,はっけにゃーん
44801,メリー・アン,めりーあん
44802,ロロ,ろろ
44803,トト,とと
44804,カカ,かか
44805,クク,くく
44806,トッパー,とっぱー
44807,フレア,ふれあ
44808,タツ,たつ
44809,イカリン,いかりん
44810,タコリン,たこりん
44811,ヤンヤン,やんやん
44812,ユキオ,ゆきお
44813,イルマ,いるま
44814,オリーフィオ,おりーふぃお
44815,ドラムス,どらむす
44816,ドン・オクトー,どんおくとー
44817,シタコ・エーテル,したこえーてる
44818,クム,くむ
44819,ドギー,どぎー
44820,マギー,まぎー
44821,ネギー,ねぎー
44823,おひつじ座のプリンセス,おひつじざのぷりんせす
44824,おうし座のプリンセス,おうしざのぷりんせす
44825,ふたご座のプリンセス,ふたござのぷりんせす
44826,かに座のプリンセス,かにざのぷりんせす
44827,しし座のプリンセス,ししざのぷりんせす
44828,おとめ座のプリンセス,おとめざのぷりんせす
44829,てんびん座のプリンセス,てんびんざのぷりんせす
44830,いて座のプリンセス,いてざのぷりんせす
44831,やぎ座のプリンセス,やぎざのぷりんせす
44832,みずがめ座のプリンセス,みずがめざのぷりんせす
44833,うお座のプリンセス,うおざのぷりんせす
44835,ダークネスト／へびつかい座のプリンセス,だーくねすと
44836,那須ゆみか,なすゆみか
44838,さそり座のプリンセス,さそりざのぷりんせす
45006,シャルル＝アルボー,しゃるるあるぼー
45008,リオ (幼少期),りおようしょうき
45013,クリスティーナ＝ベルトラム,くりすてぃーなべるとらむ
45014,ロアナ＝フォンティーヌ,ろあなふぉんてぃーぬ
45015,アルフレッド＝エマール,あるふれっどえまーる
45262,水野貴弘,みずのたかひろ
45263,希咲美桜,きさきみお
45264,スィーリア・クマーニ・エイントリー,すぃーりあくまーにえいんとりー
45265,ノエル・マーレス・アスコット,のえるまーれすあすこっと
45266,リサ・エオストレ,りさえおすとれ
45267,龍造寺茜,りゅうぞうじあかね
45268,柊木綾子,ひいらぎあやこ
45270,フィオナ・ベックフォード,ふぃおなべっくふぉーど
45273,東雲さん,しののめさん
45274,ミレイユ・マーレス・アスコット,みれいゆまーれすあすこっと
45275,ジェイムス・アスムッセン,じぇいむすあすむっせん
45276,ベルティーユ・アルチュセール,べるてぃーゆあるちゅせーる
45425,タチバナ・ニナ,たちばなにな
45426,タチバナ・サラ,たちばなさら
45427,藍原梅,あいはらうめ
45428,水沢まつり,みずさわまつり
45429,藍原柚子,あいはらゆず
45430,桃木野姫子,ももきのひめこ
45431,藍原芽衣,あいはらめい
45432,谷口はるみ,たにぐちはるみ
45433,藍原翔,あいはらしょう
45434,丸田加代,まるたかよ
45444,ミツヒデ,みつひで
45445,オビ,おび
45446,ゼン,ぜん
45447,木々,きき
45448,リュウ,りゅう
45449,ガラク,がらく
45450,巳早,みはや
45451,イザナ,いざな
45453,ラジ,らじ
45802,和泉妃愛,いずみひより
45803,常磐華乃,ときわかの
45804,錦あすみ,にしきあすみ
45805,鎌倉詩桜,かまくらしお
45806,竜閑天梨,りゅうかんあめり
45897,月城雪兎,つきしろゆきと
45898,李小狼,りしゃおらん
45899,大道寺知世,だいどうじともよ
45901,木之本桃矢,きのもととうや
45902,ユナ・D・海渡,ゆなでぃーかいと
45903,木之本藤隆,きのもとふじたか
45904,柊沢エリオル,ひいらぎざわえりおる
45905,観月歌帆,みづきかほ
45906,スピネル・サン,すぴねるさん
45907,山崎貴史,やまざきたかし
45908,三原千春,みはらちはる
45909,柳沢奈緒子,やなぎさわなおこ
45910,木之本桜,きのもとさくら
45911,詩之本秋穂,そのもとあきほ
45912,秋月奈久留,あきづきなくる
46105,虹野ゆめ,にじのゆめ
46106,如月ツバサ,きさらぎつばさ
46107,二階堂ゆず,にかいどうゆず
46108,香澄夜空,かすみよぞら
46109,早乙女あこ,さおとめあこ
46110,白鳥ひめ,しらとりひめ
46111,七倉小春,ななくらこはる
46112,桜庭ローラ,さくらばろーら
46483,ヤムチャ,やむちゃ
46500,四季翼,しきつばさ
46501,冬木美波,ふゆきみなみ
46502,秋野沙友理,あきのさゆり
46503,夏川怜奈,なつかわれな
46504,松尾隆弓,まつおたかゆみ
46505,冬木桃子,ふゆきももこ
46506,冬木眞衣,ふゆきまい
46507,日奈,ひな
46508,飛鳥,あすか
47163,早乙女乱馬,さおとめらんま
47164,らんま,らんま
47165,天道あかね,てんどうあかね
47166,天道なびき,てんどうなびき
47167,天道かすみ,てんどうかすみ
47168,天道早雲,てんどうそううん
47169,早乙女玄馬,さおとめげんま
47170,響良牙,ひびきりょうが
47171,シャンプー,しゃんぷー
47172,九能帯刀,くのうたてわき
47173,九能小太刀,くのうこだち
47174,小乃東風,おのとうふう
47175,三千院帝,さんぜんいんみかど
47176,白鳥あずさ,しらとりあずさ
47178,いちろう,いちろう
47179,呪泉郷ガイド,じゅせんきょうがいど
47216,ミライアカリ,みらいあかり
47217,電脳少女シロ,でんのうしょうじょしろ
47218,猫宮ひなた,ねこみやひなた
47219,月ノ美兎,つきのみと
47220,田中ヒメ,たなかひめ
47221,鈴木ヒナ,すずきひな
47397,朝野太陽,あさのたいよう
47398,夜桜六美,よざくらむつみ
47399,夜桜凶一郎,よざくらきょういちろう
47400,夜桜二刃,よざくらふたば
47401,夜桜辛三,よざくらしんぞう
47402,夜桜四怨,よざくらしおん
47403,夜桜嫌五,よざくらけんご
47404,夜桜七悪,よざくらななお
47454,石神百夜,いしがみびゃくや
47477,氷月,ひょうが
47480,シャミール・ヴォルコフ,しゃみーる・ゔぉるこふ
47540,紫藤める,しどうめる
47543,白鳥アンジュ,しらとりあんじゅ
47544,七星あいら,ななほしあいら
47545,歩堂デヴィ,ふどうでゔぃ
47546,明日香ルゥ,あすかるぅ
47547,桃山ひかり,ももやまひかり
47548,みらいママ,みらいまま
47549,萌黄マーサ,もえぎまーさ
47550,萌黄春太,もえぎしゅんた
47553,青葉ユヅル,あおばゆづる
47554,青葉ケンザブロウ,あおばけんざぶろう
47555,青葉ジュンコ,あおばじゅんこ
47556,萌黄夏門,もえぎかもん
47557,赤城アラシ,あかぎあらし
47558,赤城杏太郎,あかぎあんたろう
47559,緑川一平,みどりかわいっぺい
47560,緑川かの子,みどりかわかのこ
47561,栗原たまき,くりはらたまき
47562,芋崎ほくと,いもざきほくと
47563,一るい,にのまえるい
47564,でこ,でこ
47565,たかこ,たかこ
47566,とーこ,とーこ
47567,メイ子,めいこ
47568,一色カレン,いっしきかれん
47569,ミズリー,みずりー
47570,ミッキー二階堂,みっきーにかいどう
47571,仙水リコ,せんゆいりこ
47572,仙水リン,せんすいりん
47573,永辻まとん,ながつじまとん
47574,三枝タカヤ,さえぐさたかや
47575,花倉アユミ,はなくらあゆみ
47576,エドワルダ,えどわるだ
47577,ジェシカ・トロワ,じぇしかとろわ
47579,ハナコ,はなこ
47580,トシコ,としこ
47581,たい子,たいこ
47582,きら子,きらこ
47583,イライザ竹本,いらいざたけもと
47584,ドン大西,どんおおにし
47586,山根トシコ,やまねとしこ
47587,金城琉夏,かねしろるか
47588,玉屋,たまや
47590,神戸,かんべ
47593,浦島時子,うらしまときこ
47594,ピッチャー,ぴっちゃー
47598,新柿このみ,あらかきこのみ
47665,田中恵子,たなかけいこ
47667,飛羽愛歌,ひばまなか
47673,上崎裡沙,かみざき りさ
47674,蒔原美佳,まきはらみか
47930,ボッジ,ぼっじ
47931,カゲ,かげ
47932,ダイダ,だいだ
47933,ヒリング,ひりんぐ
47934,ベビン,べびん
47935,アピス,あぴす
47936,ドルーシ,どるーし
47937,ホクロ,ほくろ
47938,ボッス,ぼっす
47939,シーナ,しーな
47941,デスハー,ですはー
47942,デスパー,ですぱー
47943,ドーマス,どーます
48159,主人公,しゅじんこう
48792,アンクル,あんくる
48951,長瀬小糸,ながせこいと
49039,真赭の薄,ますほのすすき
49040,白珠,しらたま
49041,澄尾,すみお
49042,長束,なつか
49043,路近,ろこん
49044,敦房,あつふさ
49045,藤波,ふじなみ
49046,大紫の御前,おおむらさきのおまえ
49047,雪哉,ゆきや
49048,若宮,わかみや
49050,菊野,きくの
49051,苧麻,からむし
49052,雪正,ゆきまさ
49053,雪馬,ゆきま
49054,東家当主,とうけとうしゅ
49055,西家当主,さいけとうしゅ
49056,南家当主,なんけとうしゅ
49057,北家当主,ほっけとうしゅ
49058,茶の花,ちゃのはな
49059,雪雉,ゆきち
49060,お凌の方,おりょうのかた
49061,梓,あずさ
49062,喜栄,きえい
49063,早桃,さもも
49064,松韻,しょういん
49065,今上陛下,きんじょうへいか
49066,一巳,かずみ
49067,六つの花,むつのはな
49068,双葉,ふたば
49069,小梅,こうめ
49070,市柳,いちりゅう
49071,滝本,たきもと
49072,鵄,とび
49073,朔王,さくおう
49074,治平,じへい
49075,初音,はつね
49077,浜木綿,はまゆう
49129,美翔舞／キュアイーグレット／キュアウィンディ,みしょうまい
49130,霧生満,きりゅうみちる
49131,霧生薫,きりゅうかおる
49514,君塚君彦,きみづかきみひこ
49515,シエスタ,しえすた
49516,シャーロット・有坂・アンダーソン,しゃーろっとありさかあんだーそん
49517,コウモリ,こうもり
49518,カメレオン,かめれおん
49519,アリシア,ありしあ
49520,斎川唯,さいかわゆい
49521,夏凪渚,なつなぎなぎさ
49812,ジョーカー,じょーかー
49818,ポップ,ぽっぷ
49971,白石結月,しらいしゆずき
49972,小渕沢報瀬,こぶちざわしらせ
49973,玉木マリ,たまきまり
49974,三宅日向,みやけひなた
49975,高橋めぐみ,たかはしめぐみ
49976,藤堂吟,とうどうぎん
49977,前川かなえ,まえかわかなえ
49978,鮫島弓子,さめじまゆみこ
49979,白石民子,しらいしたみこ
49980,玉木リン,たまきりん
49981,あいな,あいな
49982,ユリ,ゆり
50094,和倉青羽,わくらあおば
50343,ギレーヌ・デドルディア,ぎれーぬでどるでぃあ
50345,アルマンフィ,あるまんふぃ
50824,シン・アスカ,しん　あすか
51101,美空かなた,みそらかなた
51102,小父内涼葉,おぶないすずは
51103,杏那・アヴェイロ,あんなアヴェイロ
51104,大谷穏花,おおたにのどか
51105,谷崎詩音,たにざきしおん
51106,海音寺恵深,かいおんじめぐみ
51112,夢川ショウゴ,ゆめかわしょうご
51114,虹色にの,にじいろにの
51115,三鷹アサヒ,みたかあさひ
51116,高瀬コヨイ,たかせこよい
51117,幸多みちる,こうだみちる
51146,ガァララ・ス・リープ,がぁららすりーぷ
51147,ファララ・ア・ラーム,ふぁららあらーむ
51148,プニコン,ぷにこん
51149,チュッペ,ちゅっぺ
51150,ピツジ,ぴつじ
51151,ポワン,ぽわん
51152,パック,ぱっく
51153,華園みあ,はなぞのみあ
51154,華園しゅうか,はなぞのしゅうか
51159,夢川ゆい,ゆめかわゆい
51161,地獄ミミ子,じごくみみこ
51202,後藤ひとり,ごとうひとり
51203,伊地知虹夏,いじちにじか
51204,山田リョウ,やまだりょう
51205,喜多郁代,きたいくよ
51206,伊地知星歌,いじちせいか
51207,廣井きくり,ひろいきくり
51208,岩下志麻,いわしたしま
51209,清水イライザ,しみずいらいざ
51210,後藤ふたり,ごとうふたり
51211,後藤直樹,ごとうなおき
51212,後藤美智代,ごとうみちよ
51728,ワカメ,わかめ
52313,伊井野ミコ,いいのみこ
52320,大仏こばち,おさらぎこばち
52680,渡辺さらさ,わたなべさらさ
52681,奈良田愛,ならたあい
52682,山田彩子,やまだあやこ
52683,沢田千夏,さわだちか
52684,野島聖,のじまひじり
52685,中山リサ,なかやまりさ
52686,竹井朋美,たけいともみ
52687,安道守,あんどうまもる
52688,奈良田太一,ならたたいち
52689,里美星,さとみせい
52690,白川煌三郎,しらかわこうざぶろう
52691,星野薫,ほしのかおる
52692,杉本紗和,すぎもとさわ
52693,沢田千秋,さわだちあき
52694,白川暁也,しらかわあきや
52898,レング・サレマキア,れんぐさまれきあ
52899,シャクマ・ドリーズ,しゃくまどりーず
52900,セレナ・バンドル,せれなばんどる
52901,シン・セイマーロ,しんせいまーろ
52902,リューパ ・ルーズトン,りゅーぱるーずとん
52903,クラマント・メイトロー三世,くらまんとねいとろーさんせい
52904,ダン・アレースト,だんあれーすと
52905,ジャン・テンドリー,じゃんてんどりー
52906,ブラッハム・ジョー,ぶらっはむじょー
53104,九条ひかり／シャイニールミナス,くじょうひかり
53127,マキ,まき
53128,野々宮,ののみや
53156,バルデス,ばるです
53158,王騎,おうき
53162,成蟜,せいきょう
53163,竭氏,けつし
53172,縛虎申,ばくこしん
53178,万極,まんごく
53179,渉孟,しょうもう
53180,李白,りはく
53184,楊端和,ようたんわ
53565,福原あん,ふくはらあん
53566,森園わかな,もりぞのわかな
53567,荊千里／モモ,いばらちさと
53568,天羽ジュネ,あもうじゅね
53569,法月皇,のりづきこう
53570,黒川冷／DJ.COO,くろかわれい
53573,蓮城寺べる,れんじょうじべる
53574,涼野いと,すずのいと
53576,小鳥遊おとは,たかなしおとは
53577,彩瀬なる,あやせなる
53578,氷室聖,ひむろひじり
53596,りんね,りんね
53597,北川,きたがわ
53598,田中さん,たなかさん
53600,プリズムの女神,ぷりずむのめがみ
53607,法月仁,のりづきじん
53608,速水ヒロ,はやみひろ
53610,仁科カヅキ,にしなかづき
53611,神浜コウジ,みはまこうじ
53732,二暮堂ユリア,にぐれどうゆりあ
53733,四谷みこ,よつやみこ
53734,百合川ハナ,ゆりかわはな
54177,矢口八虎,やぐちやとら
54178,鮎川龍二,あゆかわりゅうじ
54179,高橋世田介,たかはしよたすけ
54180,橋田悠,はしだはるか
54181,桑名マキ,くわなまき
54182,佐伯昌子,さえきまさこ
54183,恋ケ窪,こいがくぼ
54184,森まる,もりまる
54185,海野,うみの
54186,城田,しろた
54187,歌島,うたしま
54188,白井,しらい
54189,大葉真由,おおばまゆ
54190,石井啄郎,いしいたくろう
54191,桜庭華子,さくらばはなこ
54192,岡田さえ,おかださえ
54193,純田,すみだ
54194,山本,やまもと
54221,イリナ・ルミネスク,いりなるみねすく
54222,レフ・レプス,れふれぷす
54223,アーニャ・シモニャン,あーにゃしもにゃん
54224,ミハイル・ヤシン,みはいるやしん
54225,ローザ・プレヴィツカヤ,ろーざ・ぷれゔぃつかや
54226,スラヴァ・コローヴィン,すらヴぁ・ころーゔぃん
54227,ヴィクトール中将,ゔぃくとーるちゅうじょう
54228,フョードル・ゲルギエフ,ひょーどるげるぎえふ
54229,リュドミラ・ハルロヴァ,りゅどみらはるろゔぁ
54231,ナタリア,なたりあ
54270,新島衣舞紀,にいじまいぶき
54271,清水絵空,しみずえそら
54272,大鳴門むに,おおなるとむに
54273,笹子・ジェニファー・由香,ささご・じぇにふぁー・ゆか
54274,出雲咲姫,いずもさき
54275,花巻乙和,はなまきとわ
54276,福島ノア,ふくしまのあ
54277,明石真秀,あかしまほ
54278,渡月麗,とげつれい
54279,犬寄しのぶ,いぬよせしのぶ
54280,山手響子,やまてきょうこ
54281,愛本りんく,あいもとりんく
54676,湊智花,みなと ともか
55012,一柳梨璃,ひとつやなぎりり
55013,白井夢結,しらいゆゆ
55029,楓・J・ヌーベル,かえでじょあんぬーべる
55036,喜屋武暦,れき
55040,愛抱夢／神道愛之介,あだむ
55056,紅豊,べにゆたか
55057,尾張ハジメ,おわりはじめ
55058,鹿田ヨウ,しかだよう
55059,遠藤サヤ,えんどうさや
55060,遠藤豆,えんどうとう
55061,鹿田ココノツ,しかだここのつ
55062,枝垂ほたる,しだれほたる
55210,青野一,あおのはじめ
55211,秋音律子,あきねりつこ
55212,佐伯直,さえきなお
55213,山田一郎,やまだいちろう
55214,立花静,たちばなしずか
55215,羽鳥葉,はとりよう
55216,原田蒼,はらだそう
55222,町井美月,まちいみづき
55223,髙橋翼,たかはしつばさ
55224,木村隆美,きむらたかみ
55225,裾野姫子,すそのひめこ
55226,滝本かよ,たきもとかよ
55227,青野龍仁,あおのりゅうじ
55229,小桜ハル,こざくらはる
55294,ミユキ,みゆき
55295,レイカ,れいか
55303,クライン,くらいん
55306,シフォン,しふぉん
55632,李健良,りーじぇんりゃ
55674,先輩,せんぱい
55925,五十嵐色葉,いがらしいろは
56100,扶桑,ふそう
56101,山城,やましろ
56102,雪風,ゆきかぜ
56103,涼月,すずつき
56104,時雨,しぐれ
56105,最上,もがみ
56106,響,ひびき
56107,朝雲,あさぐも
56108,山雲,やまぐも
56109,阿武隈,あぶくま
56110,龍鳳,りゅうほう
56111,那智,なち
56112,足柄,あしがら
56113,潮,うしお
56114,曙,あけぼの
56115,満潮,みちしお
56116,霞,かすみ
56117,浜風,はまかぜ
56118,矢矧,やはぎ
56119,大淀,おおよど
56120,磯風,いそかぜ
56121,伊勢,いせ
56122,日向,ひゅうが
56123,榛名,はるな
56192,アツコ・カガリ,あつこ・かがり
56195,スーシィ・マンババラン,すーしぃ・まんばばらん
56197,ダイアナ・キャベンディッシュ,だいあなきゃべんでぃっしゅ
56324,椎名ましろ,しいなましろ
56325,神田空太,かんだそらた
56326,青山七海,あおやまななみ
56332,千石千尋,せんごくちひろ
56333,上井草美咲,かみいぐさみさき
56341,三鷹仁,みたかじん
56342,赤坂龍之介,あかさかりゅうのすけ
56406,メメンプー,めめんぷー
56407,ガガンバー,ががんばー
56408,ザクレットゥ,ざくれっとぅ
56409,ユーリ,ゆーり
56411,ムゥロ,むぅろ
56412,ボス,ぼす
56413,ルーファス,るーふぁす
56414,リンダ,りんだ
56415,メローロ,めろーろ
56785,鶴巻裕子,つるまきゆうこ
56786,東雲あきら,しののめあきら
56787,坂下花恋,さかしたかれん
56788,朝倉零,あさくられい
56789,榎本こまち,えのもとこまち
56790,真田汐,さなだうしお
56791,小々森真帆,こごもりまほ
56792,貝島沙由,かいじまさゆ
56793,新田瀬玲奈,にったせれな
56794,蜂郷るり,はちごうるり
56795,望月涼子,もちづきりょうこ
56796,渋沢泉水,しぶさわいずみ
56797,姪浜エリカ,めいのはまえりか
56798,五十嵐雪緒,いがらしゆきお
56799,小倉ひかり,こくらひかり
56800,紺野小桜,こんのこざくら
56801,中河妙,なかがわたえ
56802,黒井ミサ,くろいみさ
56830,桐山零,きりやまれい
57335,ゲオルグ・ゴメス,げおるぐごめす
57352,上原彩也香,うえはらあやか
57354,紗倉ひびき,さくらひびき
57355,奏流院朱美,そうりゅういんあけみ
57356,立花里美,たちばなさとみ
57357,小津俊夫,おづとしお
57358,ハーンノルド・ドゲゲンチョネッガー,はーんのるど・どげげんちょねっがー
57361,ジーナ・ボイド,じーな・ぼいど
57448,担任教師,たんにんきょうし
57499,ランカ・リー,らんかりー
57573,一夏,いちか
57574,ツインテ,ついんて
58104,小野白菊,おのしらぎく
58105,月島流星,つきしまりほ
58106,鶴河秋水,つるがあみ
58107,幕澤桜花,まくざわおうか
58108,粕壁幸子,かすかべさちこ
58109,粕壁隼,かすかべはやと
58110,鳳凰寺紅葉,ほうおうじあかね
58410,小金井小柚子,こがねいこゆず
58411,小金井小糸,こがねいこいと
58413,小日向向日葵,こひなたひまわり
58415,小伊万里いすず,こいまりいすず
58417,桜庭高麗,さくらばこま
58826,明星,ほし
58830,上海,しゃんはい
58880,錦木千束,にしきぎちさと
58881,井ノ上たきな,いのうえたきな
58882,中原ミズキ,なかはらみずき
58885,春川フキ,はるかわふき
58886,楠木,くすのき
58887,真島,まじま
58888,ロボ太,ろぼた
58889,吉松シンジ,よしまつしんじ
58890,乙女サクラ,おとめさくら
59493,姫川大輝,ひめかわたいき
59494,鳴嶋メルト,なるしまめると
59495,鴨志田朔夜,かもしださくや
59497,鮫島アビ子,さめじまあびこ
59498,吉祥寺頼子,きちじょうじよりこ
59499,雷田澄彰,らいだすみあき
59500,GOA,ごあ
59501,金田一敏郎,きんだいちとしろう
59502,カミキヒカル,かみきひかる
59503,ツクヨミ,つくよみ
59546,阿波連れいな,あはれんれいな
59547,ライドウ,らいどう
59548,大城みつき,おおしろみつき
59549,桃原先生,とうばるせんせい
59550,石川,いしかわ
59551,佐藤ハナコ,さとうはなこ
59552,宮平先生,みやひらせんせい
59556,阿波連れん,あはれんれん
59557,阿波連える,あはれんえる
59654,桜井羽月,さくらいはづき
59655,御杜智,みやしろとも
59656,末宗祐里子,すえむねゆりこ
59657,本田千尋,ほんだちひろ
59660,綾辻舞花,あやつじまいか
59662,花見沢杏奈,はなみざわあんな
59663,長谷部理音,はせべりおん
59664,相庭琴音,あいばことね
59665,北条恵美,ほうじょうえみ
59666,前田亜紀,まえだあき
59667,沢渡美琴,さわたりみこと
59668,高尾雅,たかおみやび
59669,友永美晴,ともながみはる
59670,塚原愛子,つかはらあいこ
59671,橋本由香,はしもとゆか
59672,宮本椎奈,みやもとしいな
59673,佐々木尚子,ささきしょうこ
59675,内海雫,うつみしずく
59676,岩倉美津未,いわくらみつみ
59677,志摩聡介,しまそうすけ
59678,江頭ミカ,えがしらみか
59679,村重結月,むらしげゆづき
59680,久留米誠,くるめまこと
59682,迎井司,むかいつかさ
59683,山田健斗,やまだけんと
59684,兼近鳴海,かねちかなるみ
59685,高嶺十貴子,たかみねときこ
59746,諏訪盛高,すわもりたか
59747,瘴奸,しょうかん
60014,斑鳩夏生,いかるがなつき
60016,神白水菜萌,かみしろみなも
60019,名波凜々花,ななみりりか
60196,野中晴,のなかはる
60254,ドラルク,どらるく
60255,ロナルド,ろなるど
60256,ジョン,じょん
60257,ヒナイチ,ひないち
60258,半田桃,はんだとう
60259,サテツ,さてつ
60260,ショット,しょっと
60262,ター・チャン,たーちゃん
60265,ヒヨシ,ひよし
60267,フクマ,ふくま
60317,L,える
60318,ノルマンディー公,のるまんでぃーこう
60319,7,せぶん
60320,大佐,たいさ
60321,ガゼル,がぜる
60726,千倉静留,ちくらしずる
60727,星撫子,ほしなでこ
60728,久賀玲実,くがれいみ
60729,東雲晶,しののめあきら
60772,周防美来,すおうみら
60773,石動寧々子,いするぎねねこ
60774,土井翔太,どいしょうた
60775,柊春歌,ひいらぎしゅんか
60776,龍造寺朱音,りゅうぞうじあかね
60777,片桐麗亜,かたぎりれあ
60778,水原怜人,みずはられいと
60779,山田翠,やまだすい
60780,黒田マリア,くろだまりあ
60781,黒田・レイン・ちふゆ,くろだれいんちふゆ
60782,北山玲奈,きたやまれな
60783,羽生柚希,はにゅうゆずき
60784,一条奈都,いちじょうなつ
60785,水原まひる,みずはらまひる
60786,火野恭司,ひのきょうじ
60787,東堂晶,とうどうあきら
60788,神谷花蓮,かみやかれん
60980,金森さやか,かなもりさやか
60981,浅草みどり,あさくさみどり
60982,水崎ツバメ,みずさきつばめ
60983,百目鬼,どうめき
60984,さかき・ソワンデ,さかき・そわんで
60990,墨須,すみす
61032,ハナ,はな
61033,クリシュナ,くりしゅな
61034,社珠子,やしろたまこ
61035,文蔵,ぶんぞう
61036,佐々木,ささき
61037,サブ,さぶ
61038,クレーマー,くれーまー
61039,寺田みきお,てらだみきお
61040,てんぴる,てんぴる
61041,矢野,やの
61042,川原,かわはら
61043,ピエトロ,ぴえとろ
61044,藤原,ふじわら
61045,石田,いしだ
61046,城崎,しろさき
61047,マユ,まゆ
61048,みすず,みすず
61049,御所川原凜,ごしょがわらりん
61050,間宮,まみや
61051,佐倉,さくら
61052,滝,たき
61053,枕崎,まくらざき
61063,ヨーコ,よーこ
61261,日生ほたる,ひなせほたる
61262,花野井颯生,はなのいさき
61424,水沢愛佳,みずさわまなか
61425,清瀬優,きよせゆう
61426,水沢彩佳,みずさわあやか
61427,鷺沼梨子,さぎぬまりこ
61428,高木尚美,たかぎなおみ
61429,柳田薫子,やなぎだかおるこ
61430,米山千奈,よねやまちな
61431,獅子内湊,ししうちみなと
61432,平野るな,ひらのるな
61433,浮田志乃,うきたしの
61434,藤代もな,ふじしろもな
61435,松永羊子,まつながようこ
61436,佐藤想,さとうそう
61437,照屋理央,てるやりお
61438,飯原有香,いいはらゆか
61439,吉池えま,よしいけえま
61440,久賀セイコ,くがせいこ
61441,貝原さちえ,かいばらさちえ
61442,山中依里,やまなかえり
61443,菊池樹里,きくちじゅり
61444,小野真美,おのまみ
61445,マヤ・ウォーカー,まやうぉーかー
61510,佐藤,さとう
61596,向井直也,むかいなおや
61597,⽔瀬渚,みなせなぎさ
61598,桐⽣紫乃,きりゅうしの
61599,佐⽊咲,さきさき
61600,星崎理⾹,ほしざきりか
61760,ポプ子,ぽぷこ
61761,ピピ美,ぴぴみ
61812,佐藤明,さとうあきら
61813,佐藤洋子,さとうようこ
61814,海老原剛士,えびはらたけし
61815,小島賢治,こじまけんじ
61817,ジャッカル富岡,じゃっかるとみおか
61818,清水岬,しみずみさき
61819,宇津帆玲,うつぼれい
61820,佐羽ヒナコ,さばひなこ
61821,鈴木ヒロシ,すずきひろし
61822,井崎勤,いざきつとむ
62071,無邪気な淵源,いのせんとぜろ
62135,宮森あおい,みやもりあおい
62148,山田昌志,やまだまさし
62160,宮森かおり,みやもりかおり
62166,小笠原綸子,おがさわらりんこ
62322,妓夫太郎,ぎゅうたろう
62324,堕姫,だき
62386,出雲風子,いずもふうこ
62387,ムイ,むい
62388,クローゼス,くろーぜす
62390,リップ,りっぷ
62391,ラトラ,らとら
62392,ファン,ふぁん
62393,クリード,くりーど
62394,重野力,しげのちから
62395,友才,ゆうさい
62396,ショーン・ダッツ,しょーんだっつ
62397,バックス,ばっくす
62398,安野雲／九能明,あんのうん
62419,グロリオ,ぐろりお
62420,ゴマー,ごまー
62421,デゲス,でげす
62422,魔人ドゥー,まじんどぅー
62423,界王神（ミニ）,かいおうしん
62424,孫悟空（ミニ）,そんごくう
62426,神龍,しぇんろん
62427,小ワープさま,しょうわーぷさま
62428,ワープさま,わーぷさま
62430,ネバ,ねば
62432,魔人ブウ（ミニ）,まじんぶう
62433,ミスター・サタン（ミニ）,みすたーさたん
62434,キビト,きびと
62435,キビト（ミニ）,きびと
62437,ミスター・ポポ（ミニ）,みすたーぽぽ
62438,デンデ,でんで
62439,ゴテンクス,ごてんくす
62442,トランクス（ミニ）,とらんくす
62443,亀仙人（ミニ）,かめせんにん
62444,チチ（ミニ）,ちち
62446,クリリン（ミニ）,くりりん
62447,ピッコロ（ミニ）,ぴっころ
62450,ベジータ（ミニ）,べじーた
62452,ドクター・アリンス,どくたーありんす
62453,ブルマ（ミニ）,ぶるま
62455,ハイビス,はいびす
62456,大魔女マーバ,だいまじょまーば
62457,タマガミ・ナンバー・スリー,たまがみなんばーすりー
62458,魔人クウ,まじんくう
62459,タマガミ・ナンバー・ツー,たまがみなんばーつー
62460,タマガミ・ナンバー・ワン,たまがみなんばーわん
62461,パンジ,ぱんじ
62463,デンデ（ミニ）,でんで
62464,天導愛菜,てんどうまな
62467,鶴眞心乃枝,つるまこのえ
62471,神凪雅,かんなぎみやび
62472,帝野将悟,みかどのしょうご
62474,嵯峨良芽依,さがらめい
62475,国立凛香,くにたちりんか
62528,セグニティス,せぐにてぃす
62529,イーラ,いーら
62809,伊理戸結女,いりどゆめ
62985,宮園かをり,みやぞのかをり
63083,十返舎なしこ,じっぺんしゃなしこ
63084,河東ぱい,かわひがしぱい
63085,徳富泉,とくとみいずみ
63086,林リーチェ,はやしりーちぇ
63239,亜玖璃,あぐり
63240,天道花憐,てんどうかれん
63241,星ノ守千秋,ほしのもりちあき
63245,星ノ守心春,ほしのもりこのは
63308,宇佐和成,うさかずなり
63310,河合律,かわいりつ
63468,ぷにる,ぷにる
63469,河合井コタロー,かわいいこたろー
63470,雲母麻美,きららまみ
63471,南波遊助,なんばゆうすけ
63472,御金賀アリス,おかねがありす
63473,ホネちゃん,ほねちゃん
63474,剛やん,ごうやん
63475,真戸博士,まどひろし
63476,ルンルーン（ルンル）,るんるーん
63477,キュティ,きゅてぃ
63478,宝代,ほうだい
63479,星狩ちい,ほしがりちい
63480,姫座輪ココア,ひめざわここあ
63481,笹井,ささい
63530,園山修,そのやまおさむ
63532,一条怜子,いちじょうれいこ
63533,一条瑛,いちじょうあきら
63534,一条華怜,いちじょうかれん
63535,園山洋子,そのやまようこ
63698,青羽美咲,あおばみさき
63699,春日未来,かすがみらい
63700,最上静香,もがみしずか
63701,伊吹翼,いぶきつばさ
63703,北上麗花,きたかみれいか
63704,北沢志保,きたざわしほ
63705,木下ひなた,きのしたひなた
63706,桜守歌織,さくらもりかおり
63707,佐竹美奈子,さたけみなこ
63708,島原エレナ,しまばらえれな
63710,白石紬,しらいしつむぎ
63711,周防桃子,すおうももこ
63712,高山紗代子,たかやまさよこ
63713,田中琴葉,たなかことは
63714,天空橋朋花,てんくうばしともか
63715,徳川まつり,とくがわまつり
63716,所恵美,ところめぐみ
63717,豊川風花,とよかわふうか
63718,篠宮可憐,しのみやかれん
63719,中谷育,なかたにいく
63720,七尾百合子,ななおゆりこ
63721,二階堂千鶴,にかいどうちづる
63722,箱崎星梨花,はこざきせりか
63723,馬場このみ,ばばこのみ
63724,福田のり子,ふくだのりこ
63725,舞浜歩,まいはまあゆむ
63726,真壁瑞希,まかべみずき
63727,松田亜利沙,まつだありさ
63728,宮尾美也,みやおみや
63729,望月杏奈,もちづきあんな
63730,百瀬莉緒,ももせりお
63731,矢吹可奈,やぶきかな
63732,横山奈緒,よこやまなお
63737,野々原茜,ののはらあかね
63738,永吉昴,ながよしすばる
63739,高坂海美,こうさかうみ
63740,大神環,おおがみたまき
63749,加島龍斗,かしまりゅうと
63750,白河月愛,しらかわるな
64037,高崎舞乙,たかさきまお
64038,吉野碧流,よしのひかる
64039,ヴァレンティーナ吾妻,ゔぁれんてぃーなあずま
64040,宗谷萌美,そうやもえみ
64041,千代田莉々歌,ちよだりりか
64166,アルタイル (軍服の姫君),あるたいる ぐんぷくのひめぎみ
64292,小村楓,こむらかえで
64293,三重あい,みえあい
64294,遠山まほ,とおやままほ
64295,川戸あすか,かわとあすか
64296,東蓮,あずまれん
64297,八坂智,やさかとも
64298,染谷成海,そめやなるみ
64299,火渕結衣花,ひぶちゆいか
64300,時田くん,ときたくん
64385,輪堂鴉夜,りんどうあや
64386,真打津軽,しんうちつがる
64425,馳井静句,はせいしずく
64490,片瀬詩織里,かたせしおり
64491,篠崎拓馬,しのざきたくま
64525,松瀬理央,まつせりお
64526,青木十兵衛,あおきじゅうべえ
64527,草野智也,くさのともなり
64528,大沢由香里,おおさわゆかり
64529,土岐川姫菜,ときかわひめな
64530,ヒメナ・バルデス,ひめなばるです
64549,橋場恭也,はしばきょうや
64550,小暮奈々子,こぐれななこ
64551,志野亜貴,しのあき
64552,鹿苑寺貫之,ろくおんじつらゆき
64558,河瀬川英子,かわせがわえいこ
64560,志磨珠彦,しまたまひこ
64561,志磨珠子,しまたまこ
64562,渥美綾,あつみりょう
64563,白鳥ことり,しらとりことり
64564,白鳥策,しらとりはかる
64565,立花夕月,たちばなゆづき
